NOMBRE;CIUDAD;DIRECCION;ID_LOCALVENTAS
Del Sol;Tete;084 Delladonna Plaza;7
Lakewood;Inhumas;681 Mccormick Junction;6
Browning;Hammam-Lif;36081 Saint Paul Center;3
Veith;Iñapari;7491 Reindahl Point;2
Division;Rayevskiy;842 Bonner Junction;2
Ruskin;Longping;21 Lyons Center;10
Kenwood;Zhongdong;63578 New Castle Place;4
Division;Machachi;333 Dorton Avenue;8
Northwestern;Futian;05 Tony Pass;6
Delaware;Hagonoy;673 Petterle Point;5
Anniversary;Armash;7 Pond Trail;6
Barby;Plomárion;7394 Redwing Parkway;3
Dexter;Hīrna;111 Darwin Court;8
Redwing;Dallas;6761 Pankratz Plaza;3
Blue Bill Park;Rajūzah;96724 Moulton Way;2
Fuller;Balboa;4534 Onsgard Park;5
Cardinal;Wanshi;9 Arkansas Park;4
Spaight;Wenlin;002 Glacier Hill Trail;4
Kinsman;Strathmore;8 Shasta Plaza;5
Crowley;Santa Rosa;791 Farmco Terrace;2
Jay;Rudnichnyy;8295 South Alley;7
Stephen;Kolympári;16 Rieder Crossing;1
Bunting;Tsul-Ulaan;867 Melby Trail;1
Hagan;Västra Frölunda;38831 Golf Course Place;9
Mosinee;Golcowa;2538 Mallory Junction;6
Killdeer;Phatthaya;0 Continental Parkway;5
Declaration;Cernache do Bonjardim;85315 Morningstar Park;2
Grover;Dongshui;0510 Thompson Point;10
Meadow Vale;Bořitov;8177 Burrows Alley;2
Holmberg;Foz Sousa;4 Jay Park;9
Green Ridge;Joyabaj;196 Continental Park;10
Summerview;Amangarh;8 Delaware Center;8
Old Gate;Matagami;55 Maple Hill;5
Duke;Shiye;48 Commercial Avenue;9
Mccormick;Nangong;03436 Anniversary Terrace;8
Artisan;Rakai;653 Mifflin Parkway;6
Russell;Kachug;90 Fallview Trail;3
Dovetail;Julayjilah;67 Southridge Plaza;4
International;Malvern;83638 Northland Trail;7
Clarendon;Longcun;5568 Cordelia Street;1
Brickson Park;Pyhäntä;5 Springs Road;1
Swallow;Tōgane;1 Summit Lane;9
Everett;Cabuyao;40 American Ash Circle;5
Michigan;Banqiao;5 Esch Hill;3
Jackson;Qingxi;371 Manitowish Trail;2
High Crossing;Asquipata;12416 Stang Trail;5
Pierstorff;Espinillo;34713 Brown Plaza;4
Dahle;Manola;75 Jana Junction;8
Harbort;Kuala Lumpur;16579 Maple Wood Trail;7
David;Godziszów Pierwszy;8 Surrey Hill;3
Oneill;Fujieda;4468 Chinook Circle;10
Main;Viana;51 Algoma Road;2
Eliot;Ciguna;93022 7th Point;6
Redwing;Alice;89475 David Drive;8
Oakridge;Sabang;189 High Crossing Terrace;6
Rockefeller;Fram;148 Rowland Drive;5
Dawn;Belén;22 Springview Road;3
Chive;Klenica;06 Kropf Terrace;8
Sullivan;Dzel;37 Browning Drive;9
Rutledge;Fershampenuaz;75436 Carberry Pass;10
Buhler;Gevgelija;92454 Delladonna Lane;8
Pine View;Bayangol;1933 Butternut Junction;8
Washington;Hampton;1834 7th Park;2
Corben;Shīeli;76953 Wayridge Point;8
Marcy;Marína;8876 Daystar Terrace;6
Mcbride;Cimanggu;12236 Schiller Court;5
Clyde Gallagher;Kyzylorda;743 Dixon Terrace;5
Village;Santiago De Compostela;8 Barnett Point;7
Merry;Smolenskoye;0 Lotheville Junction;1
Carberry;Oslo;0865 Park Meadow Place;3
Warner;Nice;56 Ronald Regan Way;7
Ridgeview;Gandoang;217 Lighthouse Bay Lane;9
Blaine;Kastsyukowka;48853 Arapahoe Alley;4
Maywood;Santa Cruz;4388 Kim Crossing;2
Knutson;Chiang Khan;313 Pawling Place;2
Knutson;Landázuri;21 Merry Junction;3
Bonner;Inglewood;680 Hoard Road;1
Westridge;Jardoeira;6 Almo Street;8
Scoville;Collingwood;5384 Ridgeway Center;4
Gale;Raminho;94734 Tennessee Road;3
Dottie;Lichengdao;7601 Del Sol Court;1
Jana;Měnín;7075 Graedel Plaza;2
Oneill;Igbor;23 Jay Lane;2
Bay;At Tibnī;0 David Point;3
Londonderry;Denyshi;5 Beilfuss Trail;4
Trailsway;Zhongchao;10 Corscot Trail;4
Porter;Jingu;5013 Sullivan Park;10
Bashford;Maji;75 Lyons Way;8
Eagan;Taesal-li;7057 Ilene Parkway;10
Springs;Santiago de las Vegas;8981 Declaration Center;10
Grayhawk;Stepojevac;38572 Harper Terrace;9
Victoria;Banjar Peguyangan;001 Service Center;3
Hermina;Houzhen;14 Cherokee Plaza;7
Kings;San Esteban;28680 Northport Point;1
Scoville;Kuala Lumpur;695 Mifflin Junction;1
Cherokee;Pokachi;91932 Pearson Circle;9
Lukken;Panbang;071 Transport Trail;5
Knutson;Hongsung;113 Golf Course Terrace;1
Kings;Pierreville;2064 Riverside Drive;8
Lerdahl;Changxingbao;2 Sugar Pass;1
Del Mar;Dillenburg;42 Kedzie Way;8
Springs;Columbus;9 Monument Trail;1
Crescent Oaks;Pyay;860 Havey Lane;9
Little Fleur;Granica;508 Dixon Junction;7
Merry;Ribeirão Pires;3053 Ruskin Trail;10
Milwaukee;Guadalupe;64 Lighthouse Bay Road;3
Buell;Beoga;59366 Oriole Court;4
East;Balungao;968 Oak Valley Center;7
Old Shore;Ubá;62269 Bellgrove Center;9
South;Pasirhaur;745 Bunting Junction;1
Fairfield;Tsagaannuur;24 Briar Crest Pass;5
Del Sol;Debar;10 Bashford Junction;3
Cherokee;Kastélli;0802 Fremont Point;6
Mosinee;Saint John’s;01 Dakota Court;7
Stang;Hita;55 Goodland Place;7
Heffernan;Kochenëvo;63 Summit Circle;3
Manufacturers;Xinxu;2 Waywood Circle;7
Meadow Valley;Takub;10 Gateway Way;9
Hansons;Berlín;4 Annamark Avenue;10
Bonner;Pyhäntä;020 Delladonna Drive;6
Graedel;Louisville;72 2nd Hill;9
Brentwood;Vyshniy Volochëk;72 Oak Terrace;1
Kipling;Quintães;73568 Ridge Oak Way;7
Cascade;Bulbul;9 Claremont Point;9
Carioca;Kediren;4689 Jackson Hill;2
Southridge;Arco de Baúlhe;27682 Melrose Circle;5
Main;El Calvario;33979 Hayes Lane;6
Sunfield;Cibaregbeg Dua;0536 Debs Junction;9
Springview;Xipu;9856 Farmco Point;3
Victoria;Cimanggu;3 Coolidge Park;2
Shopko;Carcavelos;39 Westerfield Park;1
Monterey;Ol’ginka;4 Sommers Terrace;1
Warrior;Ajax;9 Forster Junction;9
Di Loreto;Barão de Cocais;9 Hooker Alley;5
Hansons;Tamarindo;1007 Maywood Parkway;10
Hermina;Wudong;100 Carey Alley;9
Boyd;Sidorejo;7323 Lakewood Pass;6
Luster;Kayangel;03 Bartelt Trail;4
Pepper Wood;Borino;3060 Prairie Rose Center;4
Nevada;Dolní Černilov;2790 Rusk Road;7
Rutledge;Yunlong;8813 Independence Crossing;4
Troy;Telnice;29 Debra Junction;5
Shelley;Kokop;691 Myrtle Terrace;7
Colorado;‘Eilabun;69 Prentice Road;2
Northridge;Kirkton;4 Farragut Hill;8
Elmside;Colegiales;8275 Old Shore Trail;1
Randy;Ron Phibun;84605 Londonderry Center;1
Transport;Hanau;7415 Birchwood Crossing;6
Declaration;Midleton;52656 East Place;2
Sauthoff;Bojong;7 Thackeray Street;5
Dakota;Lhari;731 Mayer Parkway;6
Eastwood;Veternik;78429 Rusk Pass;3
Eggendart;Sabanalarga;0 Scofield Lane;8
Huxley;Górki Wielkie;0 Del Mar Circle;6
Monument;Głuchów;98 Scott Parkway;1
Havey;Novoukrainskiy;50 Vidon Way;10
Dawn;Khodzha-Maston;3408 Marcy Pass;2
Kings;Gilowice;3397 Sutherland Terrace;2
Jay;Rybno;18 Russell Junction;5
Havey;Oral;67 Monterey Lane;9
School;Nieying;9 Hanover Crossing;2
Summerview;Nanggela;924 Dawn Crossing;3
Onsgard;Volkhov;3165 3rd Street;4
Northland;Columbeira;0332 Lotheville Court;4
Iowa;Rovira;0 Sommers Hill;4
Dexter;Ancona;48762 Lukken Trail;6
Mockingbird;Kurungannyawa;4 Ridgeview Plaza;9
Clyde Gallagher;Hufang;5 Mcguire Hill;10
Lien;Guacara;70 Cherokee Trail;8
Thackeray;Kadugede;5 Oakridge Park;2
Oakridge;Štore;42840 Truax Terrace;8
Redwing;Tawali;027 Hanover Circle;6
Corscot;Shanghu;122 Wayridge Junction;5
Debra;Wanshan;737 Upham Hill;10
Erie;Gusau;9 Sutherland Trail;10
Donald;Libu;2 Riverside Avenue;3
Cardinal;Hongshanyao;5249 Southridge Drive;4
Luster;Koungheul;21 Iowa Alley;4
Swallow;Ntoum;33887 Vermont Lane;1
Milwaukee;Valdosta;0 Hollow Ridge Alley;8
Northwestern;Bagacay;61720 Comanche Circle;1
Crest Line;Gusang;5 Nevada Junction;5
Reinke;Cicheng;687 Rieder Court;7
Surrey;Luodong;3258 Lyons Crossing;2
Shopko;Kalandagan;983 Brown Way;10
Hovde;Kamárai;90 Michigan Terrace;2
7th;Chadong;28 Drewry Street;10
Nova;Orlando;511 Spaight Plaza;10
Riverside;Chikan;2 Green Junction;3
Shelley;Partille;3750 Rieder Junction;5
Clemons;Ōzu;54169 Armistice Point;7
Stuart;Beiguoyuan;550 Northwestern Street;9
Lyons;Pensacola;6 Russell Plaza;1
Vernon;Hamburg;6512 Sullivan Lane;6
South;Malabugas;791 Rigney Terrace;10
Talisman;Jiaoshanhe;5 Del Sol Lane;9
Jackson;Venlo;66 Lunder Avenue;4
Loeprich;Bandar Seri Begawan;7670 Scott Lane;8
Orin;Chillán;87 Fallview Point;5
Hagan;Lanhe;91302 Fairfield Drive;5
Maple;Arapongas;44 Milwaukee Park;3
Calypso;Tran;8785 Acker Place;3
Dixon;Crato;70 Dorton Lane;1
Sutherland;Banatski Dvor;963 Florence Way;4
Mesta;Yangfang;7 Bluestem Street;8
Springs;Canhas;916 Fallview Trail;7
Scott;Zapatero;93520 Redwing Park;4
Westridge;Bludov;08613 Spohn Center;6
Kipling;Kannabechō-yahiro;07568 Drewry Center;7
Mendota;Phú Túc;5 Thierer Avenue;3
Erie;Vidago;48346 Corscot Place;4
Reindahl;Banjeru;1 Golden Leaf Hill;9
Sundown;Zákynthos;2 Fairview Street;2
Saint Paul;Xomong;8 Cordelia Way;2
Oak Valley;Verkhnya Rozhanka;13 Manufacturers Park;8
Meadow Vale;Chinju;3 Iowa Circle;7
Swallow;Bantian;57569 Mockingbird Drive;2
Delladonna;Pijao;23078 Saint Paul Place;10
Havey;Beolgyo;31 West Road;9
School;Amberd;0 Ruskin Drive;5
Gina;‘Ajlūn;06 Paget Park;9
Bayside;Pukë;786 Cody Plaza;3
School;Kwakoa;43 Bonner Plaza;2
Harbort;Yukou;9 Pond Parkway;3
Ridge Oak;Strzelin;36939 Canary Hill;7
Moose;Denov;5 Loftsgordon Plaza;6
Oriole;Ulaandel;41 Holmberg Avenue;9
Merchant;New Panamao;90414 Springs Court;2
Bartillon;Mayma;085 Dwight Terrace;8
Longview;Huazhai;786 Rigney Drive;8
Fair Oaks;Namur;48677 Fremont Parkway;1
Manufacturers;Los Frentones;1061 Fremont Trail;10
Eagan;Pueai Noi;56938 Independence Place;7
Spaight;Vänersborg;41 South Alley;5
Waxwing;Lluchubamba;8 Laurel Place;8
Bay;Xinxing;1 Coolidge Terrace;6
Fordem;Qobustan;99 Schurz Way;2
Ridge Oak;Buchach;9 Transport Trail;9
Springs;Nanganumba;9 Mariners Cove Terrace;4
Crest Line;Hujigou;01058 Blackbird Court;2
Mcguire;Xiashuitou;000 Cambridge Circle;8
Muir;Thuận Nam;2569 Upham Center;6
Sutteridge;Borås;46215 Cottonwood Pass;2
Kedzie;Xinqiaohe;08 Raven Junction;9
Vidon;Juḩr ad Dīk;4 Northwestern Avenue;1
Vermont;Astara;6715 Forest Run Park;10
Springview;Pecna;556 Bayside Trail;6
Hintze;Sydney South;57610 Eggendart Hill;8
Paget;Vitry-sur-Seine;4714 3rd Terrace;4
Kennedy;Dibulla;6931 Morning Terrace;2
Pearson;Gornji Petrovci;5723 Melody Place;6
Donald;Minneapolis;423 Jana Terrace;9
Hoard;Kävlinge;6704 Thackeray Trail;4
Utah;Al Ghayl;076 Debra Crossing;4
Pine View;Zhaxi;50457 Summer Ridge Place;4
Melody;Lete;123 Valley Edge Trail;10
Rockefeller;Meizhou;979 Canary Court;8
Sachs;Cacocum;5 Golf Street;10
Springview;Nowa Ruda;28 Debra Pass;6
Ridgeview;Pajala;0553 Coleman Place;1
Chive;Arboga;54277 Kropf Plaza;7
Kinsman;Nagai;09 Manufacturers Crossing;5
Reindahl;Custódia;318 Arrowood Place;6
Charing Cross;Watsa;68745 Hoard Junction;10
Corscot;Baleal;97141 Ilene Hill;9
Elka;Stari Kuty;45 Pierstorff Way;9
Dennis;Yaté-Barrage;27 Bluejay Trail;7
Bunker Hill;Baganga;013 Karstens Court;10
Kipling;Uppsala;649 Homewood Circle;4
Banding;Vila Fria;51 Mockingbird Road;1
Anniversary;Oof;6 Lawn Way;3
Cody;Shizukuishi;271 Commercial Court;10
Caliangt;Hongdu;39 3rd Place;5
Leroy;Pondoktelo;1 Coleman Street;3
Mosinee;San Bernardino;0 Kropf Way;6
Aberg;Villa Elisa;9390 Hayes Court;5
Havey;Patong;7 Rigney Pass;7
Old Gate;Umm al Qaywayn;6646 Sundown Drive;9
Pennsylvania;Auna;2672 Twin Pines Court;8
Westend;Houmt Souk;5 Transport Crossing;7
Eggendart;Tingqian;31 Montana Street;6
Hayes;Turinsk;8 Clyde Gallagher Trail;6
Green;Xiaxihao;895 Dakota Park;8
Marquette;Sucre;82 Norway Maple Way;2
Barby;Seoam;0045 Pawling Drive;10
Forest Dale;Pingtang;375 Ridgeway Way;5
New Castle;Clermont-Ferrand;26346 Independence Avenue;4
Loeprich;Huangdao;8 Morningstar Drive;6
Tony;Bukama;04683 Manufacturers Lane;10
Mayer;Nova Viçosa;32062 Buhler Drive;8
Graedel;Dongshandi;15 Morning Court;7
Bashford;Samoš;218 Rutledge Drive;7
Portage;Baruchowo;8 Meadow Valley Crossing;5
Barnett;Telhado;91 Washington Road;4
Dottie;Mauraro;680 Warner Junction;3
Continental;Temyasovo;2 Homewood Center;6
Veith;Yuanmou;548 Hoepker Hill;2
Wayridge;Kuwumkumambal;00 Heath Way;1
Almo;Jablah;390 Darwin Parkway;10
Green Ridge;Quevedo;49 Blue Bill Park Lane;4
Cambridge;Mar’’ina Horka;66 La Follette Lane;10
Mosinee;Managua;88824 Superior Street;1
Huxley;San Diego;7085 Bashford Parkway;8
Garrison;Gao’an;3 Meadow Ridge Lane;3
Shasta;Youssoufia;7428 Holmberg Center;1
Westport;Milton;6 Westport Pass;3
Everett;Jiangtun;7 Ryan Hill;2
Village;Chavárion;8 5th Street;3
Blackbird;Hanyuan;73817 Schurz Street;3
Parkside;Botucatu;1425 Bluestem Circle;4
Lakeland;Bobonan;24 Burrows Lane;7
Sycamore;Sumbergebang;5038 Meadow Valley Alley;1
Mendota;Bowang;4 Sutherland Crossing;3
Ridgeview;Hofors;46818 Dayton Lane;7
Mallard;Volokolamsk;511 Merchant Alley;6
Forest;Zlín;37 Kinsman Hill;6
Granby;Lufang;9271 Schurz Park;9
Dixon;Fujinomiya;41 Hoard Trail;4
Ridgeway;Xinyu;5621 Shasta Parkway;2
Hoard;Bairros;409 Cordelia Way;10
Cascade;Bucay;58874 La Follette Junction;7
Morning;Tenjolaya;33 Tony Street;2
Gina;Örebro;2 Shopko Trail;7
Messerschmidt;Psychikó;458 Gerald Parkway;5
Hovde;20 de Noviembre;09191 Parkside Court;7
Homewood;Gugut;02 Jay Pass;7
Banding;Bhiria;1978 Pepper Wood Parkway;9
Buhler;Denyshi;36064 Larry Way;1
Maryland;Rosebank;3 West Trail;8
Westridge;Zoushi;3473 Spaight Way;5
Northridge;Sanjinquan;904 Spenser Road;3
Grasskamp;Bangad;1935 Spenser Court;3
Maple Wood;Baş Göynük;45014 Alpine Circle;7
Buhler;Honolulu;0 Gale Street;6
Comanche;Colón;79403 Clemons Hill;6
Lillian;Rejowinangun;5 Tennyson Street;6
Westend;Freiburg im Breisgau;1 Comanche Lane;7
Bayside;Kołbaskowo;8 Springview Way;9
Elka;Toulouse;74 Fordem Junction;1
Rusk;Zhouzhuang;52208 Ridgeview Lane;10
Forster;Basqal;30 Eagan Center;3
Swallow;Borgholm;06678 Badeau Drive;4
Canary;Pyra;402 Evergreen Plaza;10
Huxley;Vista Hermosa;923 Hoepker Point;10
Mcguire;Lhoknga;6659 Center Circle;5
Hollow Ridge;Wielgie;69 Steensland Terrace;9
Summerview;Mŭglizh;8807 Steensland Avenue;2
Clemons;Gancheng;70 Veith Way;10
Redwing;Qumudi;7 Nelson Junction;2
Glendale;København;2 Cascade Parkway;7
Mcbride;Kobe;05 Corscot Pass;10
Coolidge;Dagsar;45479 Heffernan Plaza;6
Steensland;Zhubei;7487 Sunfield Crossing;6
Bultman;Sigetec;2807 Graedel Alley;10
Delladonna;Bordeaux;1 Maryland Drive;4
Tomscot;Ostojićevo;19 Bellgrove Center;9
Victoria;Martil;68058 Mosinee Hill;7
Colorado;Paloh;21 Buena Vista Avenue;7
Fairfield;Bełchatów;6971 West Lane;1
Holmberg;Huikou;7674 Goodland Lane;2
Bunker Hill;Novikovo;4 Glendale Trail;3
Memorial;Thung Song;3 Manufacturers Pass;1
Dixon;Kokas;709 Corry Court;6
Karstens;Baih;391 Lakeland Avenue;2
Commercial;Bi’r al ‘Abd;36517 Shopko Crossing;2
Fuller;Krynki;50686 Esch Place;6
Towne;Pereira;9957 Burrows Pass;2
Bonner;Aquidauana;6506 Scofield Parkway;6
Messerschmidt;Kovdor;9601 Hauk Center;8
Kropf;Zhambyl;79 Nevada Park;8
Arizona;Carolina;633 Hansons Lane;9
Coleman;Apucarana;5196 Shoshone Trail;8
Larry;Tanzybey;5 Manley Point;6
Sachtjen;Ravne;24 Summit Center;10
Katie;Aibura;38 Dunning Terrace;1
Clyde Gallagher;Norcasia;7373 Dwight Alley;2
Sloan;Zainsk;8265 Muir Circle;4
Cottonwood;Cap-Santé;6 Armistice Avenue;9
Debs;Berestechko;37854 Little Fleur Pass;2
American Ash;Abade de Vermoim;94 Vahlen Street;10
East;Guay;0830 Rigney Avenue;10
Rieder;Gandorhun;4220 Little Fleur Park;4
Petterle;Gazanjyk;00 Oak Parkway;8
Petterle;Xiadu;19581 Thackeray Drive;6
Luster;Den Chai;75 Commercial Plaza;4
Macpherson;Hexiangqiao;33668 Oriole Crossing;10
Evergreen;Trondheim;62917 Florence Point;7
Sage;Nuevo Berlín;5839 Darwin Street;10
Susan;Heqing;5451 Buhler Park;10
Ridge Oak;Marseille;56 Amoth Junction;8
Upham;Las Tejerías;6 Hudson Way;2
Russell;Matwaḩ;44 Center Terrace;7
John Wall;Sete Cidades;85 Golf View Parkway;8
Fremont;Osnabrück;6678 Ohio Terrace;10
Atwood;Sherbrooke;43977 Towne Parkway;7
Saint Paul;Cantuk Kidul;54 Lunder Circle;2
Waywood;Sang-e Chārak;44404 Welch Road;1
Maryland;Curumaní;32 Loomis Pass;7
Onsgard;Lido;8 Redwing Trail;2
Portage;Sacramento;46630 Carey Plaza;8
Kim;Asheville;762 Mcguire Plaza;5
Monument;Nizhniy Tagil;11227 Division Parkway;5
Sundown;Houk;70 Caliangt Park;9
Sunbrook;Mt Peto;30204 Hauk Avenue;6
Leroy;Tutul;2 Park Meadow Lane;10
Mosinee;Blagnac;59723 Kinsman Drive;9
Moulton;Moulay Yacoub;9 Spaight Plaza;10
Linden;Kadusirung Hilir;79 Armistice Place;7
Sheridan;Iperu;561 Esch Street;6
Springs;La Mohammedia;145 Thackeray Way;2
Hansons;Aco;280 Rutledge Trail;10
Iowa;Solna;6946 Susan Trail;5
Becker;Santo Domingo;24066 Nelson Way;2
Gerald;Hetoudian;64 Monument Point;4
Blue Bill Park;Ra’s Bayrūt;1756 Eastwood Alley;8
Del Mar;pamas;033 Northwestern Crossing;7
Dayton;Huipinggeng;007 Park Meadow Circle;3
Roth;Wang Yang;98 Vernon Point;1
Milwaukee;Costeira do Pirajubae;7368 Fuller Place;7
International;Svislach;81 Waubesa Trail;4
Fair Oaks;Artemisa;35190 Norway Maple Plaza;6
Russell;Nantou;2 Warrior Center;9
Hollow Ridge;Dayr al Ghuşūn;14 Loomis Road;4
Ruskin;Cibunar;940 Straubel Road;7
Dixon;Chuanpu;27 Barnett Point;8
Carpenter;Massy;6 Surrey Junction;9
Bunker Hill;Goworowo;63896 Village Way;3
Trailsway;Odemira;46 David Lane;10
Oakridge;Guérande;3006 Northfield Avenue;1
6th;Margate;653 Tomscot Court;6
Cody;Habo;3 Mccormick Park;6
Anniversary;Marseille;3 Mendota Junction;1
Blackbird;Tecka;534 Darwin Avenue;6
Porter;Sabang;42 Portage Park;3
Duke;A’ershan;00 Independence Terrace;3
Sullivan;Sendang;64 Bellgrove Place;6
Crownhardt;Huangcun;35399 Scott Terrace;6
Green Ridge;Sukasada;65335 Gulseth Terrace;7
Mallard;Satipo;1 Del Sol Drive;3
Dakota;Non Suwan;23636 Dawn Way;10
7th;Peña Blanca;71128 Bluejay Trail;1
Elmside;Paderne;8838 Loeprich Center;6
Westridge;Thessaloníki;791 Butterfield Hill;8
Truax;Caoxi;45 Novick Pass;7
Darwin;Klatakan;14 Saint Paul Point;4
Cascade;Putat Lor;852 Coolidge Crossing;3
Northridge;Fontaínhas;5033 Talmadge Pass;3
Northfield;Paraíso;0 Independence Place;2
Oak Valley;Sogamoso;0 Ruskin Pass;8
Northridge;Azul;1 Red Cloud Crossing;8
Brentwood;Balqash;432 Atwood Junction;8
Lawn;Zemio;66 Basil Avenue;5
Bobwhite;San Jose;513 Bowman Park;9
Raven;Glempang Tengah;06 Kim Avenue;10
Rutledge;Arras;9997 Trailsway Parkway;8
Loeprich;Đắk Hà;8 Sycamore Road;3
Sugar;Zhudian;3 Bluejay Lane;7
Hollow Ridge;Stara Pazova;57 Mendota Pass;4
Colorado;Štitar;38 Shopko Court;6
Vermont;Shuishiying;545 Farragut Avenue;2
Almo;Emmaboda;84779 Nova Way;2
East;Siedliska;9 Bartillon Alley;4
High Crossing;Jalal-Abad;0 Bashford Terrace;8
Twin Pines;Kure;7 Glacier Hill Hill;7
Bowman;Nickby;79131 Armistice Junction;8
Northfield;Houxiang;1 Gina Street;1
Golf View;Outapi;461 Burrows Parkway;1
Delaware;San Marcos de Colón;9 Maple Wood Terrace;2
Pine View;Siva;5 Glacier Hill Drive;1
Sachs;Bastia;92353 Anhalt Street;2
Moulton;Khanāşir;7961 Debra Drive;7
Bunting;Misau;1 Stang Park;8
Rusk;Shuangxikou;09 Pankratz Road;10
Basil;Qümong;7667 Melby Avenue;10
Lighthouse Bay;Tangzi;65 Morningstar Pass;7
Tennyson;Świecie nad Osą;460 Tomscot Alley;3
Paget;Orange;241 Schmedeman Circle;9
Ruskin;Chegang;1 Acker Circle;3
Judy;Partille;18323 Myrtle Crossing;9
Maple;Chaparral;752 Del Sol Center;3
Nevada;Farranacoush;468 Pierstorff Avenue;9
Rowland;Ficksburg;06646 Tennyson Avenue;2
Upham;Dasheng;2973 Nevada Center;6
Rigney;Trzebnica;996 Gina Lane;7
Anthes;Karawatu;9 Thompson Place;2
Sunfield;Raciążek;89173 Arrowood Trail;7
Forest Run;Church End;97722 Colorado Street;9
Troy;New York City;6 Bay Drive;9
Straubel;Subkowy;6113 Ruskin Road;3
Cottonwood;Kozyatyn;68 Loomis Lane;3
Nelson;Firá;31150 Pankratz Point;7
Amoth;Belyye Stolby;3467 Riverside Street;10
Magdeline;Bègles;6638 Claremont Lane;8
Rigney;Dacheng;83535 Myrtle Crossing;9
Fremont;Qingshui;80 Hoard Terrace;10
Mallory;Magdalena;742 New Castle Road;8
Monument;San Antonio;81705 Susan Park;3
Myrtle;Bununu Dass;13 Moland Place;7
Pond;Tayuan;3367 Cherokee Court;8
Rutledge;Munde;46993 Clarendon Plaza;5
Wayridge;San José;6660 Lillian Pass;10
Badeau;Puerto Castilla;717 Rigney Street;8
Ridge Oak;San Angelo;30 Mccormick Circle;2
Elka;Berlin;729 Fordem Trail;9
Golden Leaf;Karangdalam;75 Crescent Oaks Crossing;1
Gulseth;Kokkinóchoma;54 7th Avenue;9
Emmet;Talun;8 Hintze Court;2
Bunting;Chochkan;7 Dovetail Road;5
Blackbird;Thongwa;75428 Gulseth Circle;8
Basil;San Pablo;92727 7th Drive;1
Hanson;Xiyang;9066 Pleasure Trail;7
Oxford;Monaragala;67432 Fieldstone Trail;9
Doe Crossing;Pereval'noe;72612 Oak Valley Trail;9
Fisk;Nagrog;50 Ilene Court;10
Old Gate;Kongjiang;47 1st Trail;5
Buhler;Lomintsevskiy;85125 Old Shore Court;10
Dunning;Nīshābūr;51162 Park Meadow Pass;4
Boyd;San Lucas Tolimán;5 Lighthouse Bay Avenue;3
Cascade;Munka-Ljungby;00674 Straubel Center;8
Randy;Taldykorgan;99 Messerschmidt Crossing;6
Helena;Velagići;66161 Dovetail Circle;4
Fisk;Reforma;47 Moose Street;5
Bluejay;Tomelilla;825 Steensland Alley;10
Waubesa;Limulan;17279 Hovde Point;3
Badeau;Sedlčany;46723 North Crossing;4
Toban;Pingtang;9537 Hollow Ridge Pass;2
Spaight;Fuzhou;9 Sunnyside Terrace;3
Main;Waihi;6 Springs Road;4
Hoard;Yuza;4 Hazelcrest Circle;1
Corscot;Lue Amnat;39 Loeprich Point;9
Lotheville;Łyse;2729 Longview Crossing;9
Truax;Jetis;6 Gerald Street;5
Sugar;Zhamao;5 Browning Avenue;2
Merry;Zhovkva;740 Merry Parkway;6
Katie;Nahiyat Ghammas;835 Orin Circle;3
Meadow Valley;Lianzhou;77930 Tony Circle;3
Hermina;Tessalit;680 Forest Drive;4
Reindahl;Pamotan;4 Macpherson Road;7
Kim;Tabinay;65517 Kim Road;9
Mockingbird;Bendo;98239 Talmadge Place;1
Judy;Waimangura;08383 Green Ridge Pass;5
Chinook;Zagoryanskiy;5654 Dawn Road;6
Hanover;Liping;45 Mcbride Lane;5
Mesta;Donglinxi;55 Loomis Terrace;6
International;Saint-Égrève;19 Oxford Junction;5
Tomscot;Jocotán;91292 Derek Way;2
Victoria;Oulad Frej;688 Walton Court;1
Summit;Yuncao;5 Charing Cross Crossing;7
Mitchell;Raša;03567 Miller Parkway;10
Lotheville;Louis Trichardt;1 Tennessee Lane;5
Arapahoe;Kishkenekol’;57027 Burning Wood Crossing;1
Eagan;Villa Nueva;6 Nelson Parkway;1
Eagan;Skarżysko-Kamienna;4 Bowman Park;5
Fisk;Laylay;007 Toban Circle;7
International;Ljungsbro;9283 Green Ridge Lane;3
Eastlawn;Tayug;0 Artisan Drive;10
Melvin;Wuquan;12 Monument Circle;10
Meadow Valley;Beishan;6 Dixon Parkway;9
Lukken;Shishi;054 International Junction;3
Graedel;Tianqian;23438 Hoepker Hill;10
Warbler;Stettler;48689 Bultman Street;7
Bartillon;Juan de Acosta;067 Upham Junction;5
Oak;Chaoyang;640 Linden Center;2
Eliot;Gouxaria;7182 Anzinger Court;3
Eagan;Labao;3 Straubel Hill;5
Melby;Ngondokandawu;16562 Melody Place;9
Vermont;Pont-à-Mousson;4516 Vidon Terrace;7
Sachs;Jajar;67036 Leroy Circle;7
Farragut;Girón;864 Blackbird Road;3
Gina;Jindřichův Hradec;760 Claremont Parkway;7
Old Shore;Mingelchaur;9 Crescent Oaks Parkway;3
Menomonie;Padangguci;5647 7th Lane;6
Redwing;Vilarinho da Castanheira;15 American Circle;1
Kenwood;Slobodskoy;3472 Farragut Road;5
American;Seixezelo;99 Golf Center;7
Elka;Matanzas;678 Oxford Plaza;1
Bartillon;Bronnitsy;316 Hoepker Trail;7
Saint Paul;Jargalant;2051 Sommers Terrace;4
Hansons;Quezalguaque;74747 Merry Drive;6
Saint Paul;Lamalewo;90 Jana Way;4
Merry;Krajan;85 Golf Lane;8
Namekagon;Longquan;15020 Atwood Circle;6
Acker;Yandev;168 Russell Place;10
Kim;Shengmi;21 Straubel Parkway;7
Burrows;Bolong;3 Haas Avenue;8
Miller;Khuma;51 Armistice Street;7
Heath;Cáchira;9 Oneill Road;4
Granby;Brejoeira;58 Melvin Place;2
Cottonwood;Āq Qāyeh;65 Badeau Plaza;9
Independence;Tamanan;28 Miller Court;3
Thierer;Marki;9065 Kipling Drive;9
Gale;Erada;70654 Oriole Alley;9
Randy;Tchamba;4 Delladonna Junction;5
Canary;Dno;7 Schurz Way;7
Graceland;Al Ḩīlah;62897 Carey Park;1
Roxbury;Tierp;1656 Dixon Terrace;2
Darwin;Sobreda;1345 Melrose Way;2
Menomonie;Sai;4 Merry Plaza;2
Gateway;Filimonovo;00 Ridge Oak Terrace;5
Cardinal;Jinhua;4 Melody Alley;3
Moulton;Aubenas;9951 Pawling Crossing;9
Fairview;Thanh Nê;20 Scofield Plaza;8
Crownhardt;Novotitarovskaya;51 Grayhawk Avenue;9
Eastlawn;Uppsala;171 Porter Pass;8
Acker;Balite;8 Cordelia Pass;3
Kipling;Vysehrad;0583 Manitowish Park;8
Duke;Enköping;0046 Spenser Drive;9
Scoville;Santa Lucía;802 Transport Point;3
Delaware;Hanjia;49 Rutledge Point;1
Main;Štitar;243 Meadow Vale Point;8
Starling;Zhovkva;35111 Shasta Point;9
Green Ridge;Babakantugu;0192 Melby Court;1
Bayside;Lukovo;7333 Eagle Crest Lane;4
Pond;Kalianda;2 Mosinee Road;5
Northport;Butigui;1086 Thompson Lane;2
Harper;Mengdong;19 Fieldstone Point;5
Thompson;Maţarah;55 Grim Trail;9
Golden Leaf;Berezne;26 Mallard Plaza;9
Green;Jrashen;8196 Manley Plaza;5
Center;Igoumenítsa;4 Northview Court;9
Truax;Malakal;3952 Lerdahl Street;1
Esker;Chaltyr;3768 Colorado Way;8
Arkansas;Chechenglu;447 Eagle Crest Plaza;8
Quincy;Shāhpur Chākar;5572 Badeau Circle;1
Merchant;Ngudu;0874 Bartillon Street;8
Charing Cross;Shanmei;6 Golden Leaf Alley;3
Little Fleur;Ban Phai;1 Reindahl Park;9
Esker;Trindade;18 Elmside Alley;5
Merchant;Umbuldamar;1 Lotheville Center;3
Miller;Cinyawar;133 Pawling Terrace;8
Stang;Xiaolukou;92 Corben Crossing;5
Summit;Ivoti;80591 Straubel Hill;7
Mayfield;Bytkiv;67 Towne Alley;1
Anderson;Brive-la-Gaillarde;681 Talisman Parkway;3
Bluestem;Dabancheng;5 Derek Road;2
Logan;Bålsta;09 Brentwood Drive;4
Bellgrove;Shaliangzi;8 Grim Plaza;2
Parkside;San Rafael Oriente;63932 Dayton Court;7
Banding;Fundación;23 Canary Plaza;2
Spohn;Sobral;3 Farragut Lane;3
Mallory;Owczarnia;080 Eastwood Court;7
Glendale;Stockholm;704 Springview Drive;10
Cody;Rokycany;07735 Manley Point;2
3rd;Tuofeng;7 Grim Center;10
Kennedy;Kobyzhcha;2518 Maywood Hill;1
Ryan;Simpangpasir;6547 Rieder Drive;3
West;Chornoliztsi;7 Crescent Oaks Way;8
Rockefeller;Chahe;93303 Texas Circle;8
Duke;Evansville;51 Monica Way;6
Annamark;Quebradas;22 Eliot Circle;7
Artisan;Sokolo;34030 Katie Trail;7
Twin Pines;Xiaoruo;33937 Melody Lane;8
Nova;Monino;2281 Summit Circle;2
Anderson;Monticello;7 Summerview Pass;8
Eliot;Nariño;8 Westend Road;4
Sloan;San Miguel;215 Stephen Drive;4
Reindahl;Levoberezhnaya;7842 Annamark Way;7
Mendota;Santana;2233 Packers Hill;10
Gerald;Futuroscope;6489 Dorton Center;2
Southridge;Yiqi;56 Arrowood Lane;7
Bluejay;Liuzhuang;75 Drewry Crossing;7
Grim;San Antonio;217 Schlimgen Road;3
Cambridge;Jiubao;67 Armistice Parkway;3
Nelson;Santa Cruz do Sul;20565 Saint Paul Drive;10
Oriole;Rongkou;443 Rockefeller Alley;7
Sachs;Tsovazard;083 North Drive;4
Petterle;Babagan;0414 Brickson Park Center;9
Norway Maple;Novaya Igirma;2 Dayton Lane;9
Almo;Rato;6 Luster Pass;3
Rutledge;Rubio;29961 Bowman Pass;5
Pankratz;Johor Bahru;1 Clemons Pass;3
Karstens;Teutônia;87362 Alpine Hill;8
Dayton;Sanhe;1767 Sage Trail;6
Village Green;Carleton-sur-Mer;83708 Leroy Place;1
Lunder;Miłakowo;93 Boyd Junction;5
Duke;Linglong;645 Russell Trail;7
Judy;Lab;11675 Sloan Trail;3
Lunder;Qianpai;992 Daystar Plaza;5
Sunbrook;Eustaquio Lopez;15 Meadow Ridge Crossing;10
Marcy;Semīrom;9454 Grim Crossing;8
Erie;Foz Sousa;2960 Talmadge Junction;3
Homewood;Klayusiwalan;75998 Northview Drive;3
Mayer;Karangbalong;6 Dapin Avenue;4
Carberry;Hengshan;8765 Holy Cross Alley;6
Barnett;Galitsy;436 Reindahl Avenue;9
Dakota;Zuocun;3325 Logan Hill;7
Red Cloud;Shunde;58184 Manley Drive;9
Barnett;Daja;5621 Annamark Place;4
Colorado;Oromocto;06779 Ridge Oak Park;5
Susan;Socabaya;13988 Prairie Rose Way;1
Hanover;Mbinga;6377 Tennessee Place;9
Crowley;Brejieira;9189 Elmside Terrace;6
Graceland;Vydreno;90 Lighthouse Bay Court;6
Mosinee;Dunhao;35094 Elmside Crossing;3
Warbler;Luntai;97 Clove Place;2
Logan;Ordino;2022 Lindbergh Lane;4
East;Anticala;7889 Lyons Point;3
Jay;Argenteuil;661 1st Center;7
Myrtle;Cimanggu;01316 Ohio Avenue;4
Magdeline;Roanne;35870 Chinook Road;4
Burrows;Jiaoqiao;3 Havey Road;2
Swallow;Saint-Maurice-l'Exil;88183 Colorado Center;7
Forest;Pantanal;58922 Longview Trail;9
Manitowish;Baiyangwan;18 Meadow Valley Park;1
Blackbird;Suqiaoxiang;67497 Village Trail;5
Birchwood;Henglishan;99 Carioca Point;2
Park Meadow;Nagrak;287 Mendota Road;6
Westridge;Pasireurih;6835 Petterle Drive;4
Longview;Pilar;50335 Laurel Circle;10
Badeau;Sinacaban;56 Duke Crossing;7
Hazelcrest;Kadudampit;81334 Vahlen Point;5
Northland;Tha Muang;27 Granby Drive;1
Rigney;Vil’nyans’k;2315 Rockefeller Park;3
Dryden;Tanggu;342 Di Loreto Avenue;7
Express;Monte;4 Grim Place;3
Londonderry;Vayk’;11 Cody Pass;6
Mifflin;Dal’neye Konstantinovo;83 Maryland Parkway;3
Bashford;Langkou;44971 Anhalt Junction;5
Northport;Karangsuko;8571 Carioca Crossing;4
Mendota;Dutsin Ma;24 Spenser Way;7
Northview;Liutao;709 Marcy Point;6
Harper;Taoyuan;71 Helena Alley;9
Claremont;New Haven;01026 Hovde Drive;9
Miller;Carvalhal;0 Sunbrook Point;2
Eastlawn;Baisha;5 Summit Junction;1
Harper;Novozavidovskiy;4105 Jay Avenue;10
Oakridge;Albuquerque;32 Parkside Court;4
Kinsman;Ribeiro;7964 Ruskin Plaza;3
Carey;Juazeiro do Norte;79 Hazelcrest Terrace;5
Grover;Kropachëvo;00096 Sauthoff Junction;3
Oak;Zhanghua;40 Beilfuss Plaza;10
Carey;Viradouro;89 Gerald Avenue;6
Onsgard;Ejidal;57212 Fair Oaks Circle;4
Waubesa;Tangjiakou;0856 Sauthoff Park;2
Old Gate;Uzda;007 Gateway Plaza;3
Kenwood;Mamer;28 Killdeer Drive;1
Forest Run;Gujiang;656 Fremont Terrace;4
West;Dakhla;41049 Cherokee Place;2
Raven;Kandahār;75 Holy Cross Parkway;10
Mallory;Jixi;3 Ridge Oak Street;6
Valley Edge;Řehlovice;586 Oak Street;4
Graceland;Drachten;029 Hoffman Court;6
Mandrake;Trzciana;77 Cardinal Street;7
Amoth;Qarshi;7 Hintze Street;2
Stuart;Wanquan;26 Mallory Hill;2
Prentice;Regimin;1757 Eastwood Court;3
Helena;Corralito;87765 Chive Junction;10
Anderson;Portela;62496 Burning Wood Trail;4
Elgar;Uruobo-Okija;431 Cardinal Alley;9
Clarendon;Ban Ko Lan;7326 West Circle;3
Springs;Penghua;775 School Avenue;1
Shoshone;General Roca;0967 Arapahoe Plaza;8
Sunnyside;Xiongzhou;59 Milwaukee Crossing;3
Forest Dale;Nuasepu;875 Express Crossing;5
Dorton;Ajuy;62 Farragut Junction;7
Oakridge;Ostružnica;34 Pepper Wood Junction;8
Merrick;Am Djarass;3402 Eliot Trail;2
Pennsylvania;Amboise;9333 Dakota Circle;2
Autumn Leaf;Dallas;46 Surrey Road;4
Southridge;Novalja;650 Darwin Pass;2
Milwaukee;Tarrafal de São Nicolau;29 Colorado Court;5
Oak Valley;Huaxijie;25535 Sugar Circle;10
Fuller;Bergen;02 Badeau Parkway;5
Haas;Cumadcad;587 Kennedy Pass;4
Longview;Nagbukel;6039 Manley Alley;5
Fremont;Plavsk;1443 Chive Center;9
Ridge Oak;Balesari;6 Truax Way;3
Eggendart;Succha;1 Susan Junction;5
Dorton;Heishan;547 Victoria Road;2
Prairieview;Yanbei;0 Nelson Trail;1
Kennedy;Tomado;3 Carberry Plaza;9
Golf Course;Elias Fausto;16 5th Center;10
Little Fleur;Nhà Bè;83 Corry Alley;2
Kingsford;Banjaranyar;6 Fulton Street;1
Clyde Gallagher;Kugesi;04 Sachs Road;2
Declaration;Guniushan;71422 Ridgeview Way;6
Hayes;Oakland;798 Vermont Lane;3
Anthes;Meia Via;005 Thackeray Center;4
Eastwood;Nong Phok;6836 Old Gate Drive;5
Arizona;Elefsína;9771 Muir Court;2
Old Shore;Darpas;46846 Memorial Street;1
Sage;Mboto;5590 Bellgrove Way;4
8th;Morelos;55628 Washington Lane;7
Fuller;Linköping;38 Hollow Ridge Circle;6
Darwin;Bayanan;9060 Monica Hill;8
Hovde;Pajagan;11 Corscot Junction;8
Eagle Crest;Almeirim;4 Clove Alley;4
Mcbride;Ayna;83350 Parkside Lane;2
John Wall;Battaramulla South;21675 Portage Way;6
Havey;Nuevitas;77 Sheridan Drive;2
Delaware;Pantian;18 Waxwing Center;4
Aberg;Marseille;11 Moulton Center;2
Chinook;Kuzhuping;2736 Carey Terrace;10
Crest Line;Xiakouyi;875 Mosinee Avenue;4
Union;Callanca;3 Sundown Junction;6
3rd;Pereslavl’-Zalesskiy;0 Leroy Street;7
Esch;Boden;43020 Farmco Point;4
Vermont;Kuching;298 Delladonna Place;4
Stang;Pataypampa;47 Randy Pass;1
Warbler;Peachland;006 New Castle Terrace;1
Dayton;Vale Flores;3232 Namekagon Terrace;10
Pankratz;Hisings Kärra;40 Sullivan Terrace;8
Kinsman;Suchy Dąb;4 Ohio Street;5
Sheridan;Chervone;85874 Mockingbird Center;10
Schmedeman;Nové Sedlo;68293 Cambridge Road;7
Mendota;Santa Rosa de Copán;88 Mariners Cove Point;8
Calypso;Gaotai;0 Sundown Circle;8
Calypso;Studénka;0644 Scoville Junction;4
Leroy;Duqiong;852 Mallard Circle;8
Garrison;Priboj;921 Hintze Street;1
Prentice;Beiqiao;324 Arizona Trail;5
Sullivan;Lucan;66 Golf Course Court;5
Annamark;Casais;5 Village Green Crossing;6
Lake View;Hepu;29534 Jenna Alley;5
Summit;Alpatovo;9135 West Lane;4
Jay;Jaciara;760 Merry Avenue;5
Morrow;Żabno;73612 Schiller Drive;10
Tony;Svetogorsk;46802 Farwell Point;1
Clyde Gallagher;Lecong;27 Superior Hill;1
Vernon;Příbram;2 Nevada Park;6
Pierstorff;Gaoping;16 Dayton Road;9
Blaine;Reriz;28 Hansons Crossing;2
Bluejay;Qijing;713 Service Avenue;8
American;Jinchuan;26 Boyd Way;10
Myrtle;Aco;956 Gale Drive;7
Amoth;Lieqiao;80855 Emmet Place;6
Mitchell;Gabasumdo;0221 Arizona Way;3
Lien;Örgön;157 Manley Hill;8
Miller;Nanjing;9 Park Meadow Circle;3
Ramsey;Rebe;3469 Dottie Crossing;5
New Castle;Piškorevci;17434 Norway Maple Way;8
Barby;Wilmington;4284 Bluestem Pass;1
Manitowish;Longaví;8751 Evergreen Street;3
West;Bera;66 Loeprich Drive;4
Roxbury;Iwade;55076 Hanover Avenue;8
Darwin;Yanzhou;0046 Hauk Junction;6
Daystar;Kalávryta;75159 Scott Place;3
Cascade;Poroshkovo;47355 Grayhawk Junction;6
Fisk;Despotovac;6720 Vera Hill;3
Continental;Vidnoye;3297 Sundown Hill;7
Kennedy;Aurora;3 Talmadge Terrace;1
Loftsgordon;Lavradio;1 Esch Crossing;8
Buena Vista;Canomoy;07181 Bluestem Drive;1
Almo;Beiyang;311 Service Street;1
Birchwood;Esmeraldas;87060 Nelson Parkway;1
Lawn;Dawangzhuang;01516 Sutteridge Circle;4
Dottie;Tangwang;123 Holy Cross Hill;5
Warrior;Zwolle;4068 Norway Maple Drive;5
Crest Line;Cibitung;84 Bluejay Way;3
Utah;Baraba;961 Scott Lane;6
Fremont;Kstovo;0404 Toban Crossing;4
Summerview;Telmin Suma;891 Brentwood Terrace;9
Forest Dale;Xanxerê;5531 Hanson Avenue;7
Westport;Louriceira;36 Luster Junction;9
Nevada;Maketu;94 Farmco Street;9
Twin Pines;Shuikou;9865 Caliangt Hill;10
Sage;Hastings;73766 Truax Parkway;3
Huxley;Baitu;99 Michigan Lane;10
Anzinger;Zhushan;539 Thierer Avenue;5
Dawn;Nurmo;02494 Dayton Point;7
Briar Crest;Kebonkalapa;429 Norway Maple Street;1
Jackson;Tierra y Libertad;01 Crest Line Trail;1
Del Mar;Kasoa;68 Pankratz Lane;7
Eagan;Lavaur;46553 Blaine Lane;9
Emmet;Nova Odessa;8308 Becker Junction;8
Southridge;Ayna;409 Maryland Parkway;4
Valley Edge;San Pascual;8 Jenna Alley;5
Huxley;Halmstad;97 Arrowood Place;1
Algoma;Liubo;8428 Green Ridge Hill;9
Corry;Dumlan;21433 Farmco Park;6
Norway Maple;Palermo;2 Riverside Trail;1
John Wall;Nässjö;7429 Spenser Drive;3
Washington;Himeji;26757 3rd Road;6
Mitchell;Anyar;98357 Forster Drive;3
Dixon;Avranches;2187 Nancy Alley;5
Eastlawn;Nato;29588 Valley Edge Lane;8
Dwight;Arauá;57 Fairview Point;9
Barby;Longshan;449 Sutteridge Plaza;1
Morningstar;Marília;883 Westport Lane;2
Loeprich;Mŭynoq;25149 Browning Trail;9
Declaration;Kisumu;6 Parkside Road;10
Johnson;Huaqiao;94 Butternut Junction;7
Forest Run;Munjul;8 Heath Terrace;6
Stoughton;Vale de Santarém;98 Onsgard Plaza;7
Butterfield;Heishui;92 Claremont Road;8
Susan;Gunung Talang;85395 Hollow Ridge Trail;4
La Follette;Trollhättan;7 Brentwood Plaza;4
Carioca;Qingduizi;27 Rieder Street;6
Eliot;Mojolampir;0 Forest Run Circle;9
Parkside;Barra do Corda;38146 Twin Pines Place;3
Village;Weixin;95 Buena Vista Court;9
Cascade;Vila Franca das Naves;58242 Miller Hill;9
Pond;Lindavista;07201 Lakeland Parkway;8
Boyd;Kota Kinabalu;68 Fairfield Parkway;10
4th;Wan’an;96 Melrose Place;8
Lyons;Al Fuwayliq;01 Lien Plaza;8
Northland;Renhe;62 Pleasure Road;4
Crowley;Harhorin;978 Cottonwood Street;8
Londonderry;Danjiangkou;2 Packers Court;1
Dunning;Gostyń;46 Spaight Alley;10
Nobel;Bīr Zayt;3 Autumn Leaf Road;9
Erie;Wenci;2531 Golden Leaf Road;8
Eggendart;Tarica;57322 Harper Hill;10
Cambridge;Tsaghkadzor;57293 Bunker Hill Lane;8
Johnson;Pacasmayo;1361 Bluestem Hill;1
Vernon;Dzikowiec;149 Haas Center;5
Moose;Abade de Vermoim;72 Jackson Terrace;6
Melrose;Xindong;849 Park Meadow Park;3
Scott;Sukamaju;1416 Declaration Parkway;6
Corscot;Anto;5 Comanche Street;9
Forest Run;Timoulilt;6 Mockingbird Hill;6
Summer Ridge;Shuangxi;83 Northport Plaza;7
Glacier Hill;Tsuruoka;0 Schlimgen Road;6
Fulton;Datong;4979 Lawn Crossing;6
Merry;Besançon;38 Mallory Road;10
Lake View;Austin;6735 Steensland Hill;10
Main;Sulahan;1443 Hudson Terrace;8
Golden Leaf;Anfusi;5401 Mockingbird Pass;9
Nobel;Ljungby;52 Arkansas Trail;6
Ramsey;Zalewo;71 Havey Way;2
Clemons;Berthierville;6 Transport Street;4
Prairie Rose;Jabinyānah;348 Armistice Terrace;6
Blaine;Niebylec;37334 Meadow Valley Road;2
Sunnyside;Targowisko;66 Lakeland Road;8
7th;Vinhas;4 Melrose Road;1
Prentice;Xishan;0742 Hoffman Avenue;2
Eliot;Guocun;37571 Pine View Plaza;4
Pond;Governador Valadares;4 Nelson Trail;6
Hayes;Ambatondrazaka;3 Westerfield Park;3
Clyde Gallagher;Boro;4336 Manufacturers Plaza;10
Vernon;Fleury-les-Aubrais;35597 Ludington Alley;10
Onsgard;Verkhniy Avzyan;0582 Becker Circle;6
Kenwood;Gemblengmulyo;34088 Kingsford Court;5
Erie;Tsimlyansk;9 Moulton Place;6
Moland;Si’en;2 Morning Hill;1
Oakridge;Bridgetown;96 Mcguire Road;1
Golf View;Pop Shahri;08 Orin Junction;3
Artisan;Köln;1 Continental Point;4
Arapahoe;Chervonohryhorivka;109 Vahlen Hill;5
Tennessee;Shijie;3 Mariners Cove Plaza;9
Stang;Melenki;457 Goodland Hill;3
Farwell;Milanówek;87951 Haas Road;9
Oxford;Piškorevci;77257 Michigan Hill;7
Badeau;Summerside;3 Mosinee Hill;9
Lake View;Pringgoboyo;79 Hollow Ridge Hill;2
Hudson;Fort Liberté;66399 Lukken Parkway;7
David;Houxiang;8 Linden Hill;8
Fairview;Puerto Obaldía;9444 Karstens Terrace;9
Marcy;São Luiz Gonzaga;653 Maywood Center;2
Bluejay;Sui’an;040 Erie Place;6
Cherokee;Hrotovice;6 Sunnyside Parkway;8
Londonderry;Longzhong;5 Harbort Terrace;7
Village;Xindian;90 Novick Avenue;3
Ruskin;Miguel Hidalgo;6 Coleman Terrace;7
Warner;Xihongmen;0 Haas Lane;4
Clyde Gallagher;Grand Bank;073 Delaware Terrace;5
Moland;Lingyuan;1918 Monterey Trail;7
Prairie Rose;Nantian;06 Erie Court;9
South;Lucaya;34943 Eastwood Drive;5
Toban;Krebet;14623 Evergreen Crossing;1
Trailsway;Tawen Aobao;393 Meadow Ridge Center;2
Steensland;Mevo horon;9 Independence Circle;4
Manitowish;Vilnius;946 Old Shore Point;2
Hanover;Aldeia do Bispo;282 Waxwing Parkway;4
Lyons;Andovoranto;57989 Linden Center;10
Pearson;Tapilon;66 Grover Drive;5
Manitowish;Gempol;9264 Forest Dale Way;7
Lawn;Malabago;6 Aberg Alley;7
Northwestern;Karbinci;4745 Laurel Hill;10
Bunting;Krosno Odrzańskie;01 School Road;7
Merry;København;1250 Dorton Avenue;3
Novick;Harderwijk;228 Oxford Pass;8
Dayton;Mao;65338 Doe Crossing Plaza;8
Mayfield;Haveluloto;9 Monica Junction;3
Spohn;Miass;0 Fisk Junction;5
Mosinee;Xindian;638 Sutteridge Drive;5
Sunbrook;Tai’an;616 Welch Park;3
Bellgrove;Berlin;59710 Bluejay Pass;1
Corry;Åtvidaberg;931 Troy Hill;1
Pine View;Sadská;6473 Londonderry Street;1
Laurel;Muqi;2 Rigney Trail;3
Westend;Podu;2974 Sauthoff Parkway;10
Lukken;Burayevo;60 Bluejay Alley;3
Johnson;Montgomery;40 Loomis Pass;6
Luster;Korostyshiv;68177 Rusk Point;8
Rusk;Dunmanway;68361 Moulton Street;7
Lakewood Gardens;Sunduk;01 Forest Run Way;8
Towne;Maoqitun;2021 Union Terrace;1
Sutherland;Saratamata;55 Bluestem Hill;6
Erie;Bang Ban;9 Beilfuss Hill;7
Riverside;Bantu;76 Melvin Street;2
Pleasure;Ruokolahti;84579 Leroy Pass;8
Novick;Basiao;156 Hagan Plaza;8
Harbort;Bhātpāra Abhaynagar;31 Brown Parkway;1
Green;Catayauan;59271 Shoshone Park;10
Arapahoe;Nizhnyaya Tura;198 Summerview Pass;9
Colorado;Verkhnya Rozhanka;35 Manufacturers Terrace;6
6th;Bakan;8 Gale Lane;10
Menomonie;Cockburn Town;4625 Annamark Street;4
Southridge;Extrema;73 Rutledge Way;3
